profile_pic,nums_length_username,fullname_words,nums_length_fullname,name_equals_username,description_length,external_url,private,posts,followers,follows,fake
1,0.35714285714285715,3,0.47368421052631576,1,68,1,1,198,3230,4841,0
1,0.5714285714285714,2,0.3684210526315789,0,259,0,1,253,1645,4572,0
1,0.5,1,1.0,1,159,1,0,367,1865,2037,0
1,0.42857142857142855,3,0.9473684210526315,0,89,0,1,411,2032,2296,0
0,0.42857142857142855,3,0.2631578947368421,0,183,1,0,478,928,298,0
0,1.0,1,0.5263157894736842,1,275,1,1,408,366,2462,0
0,0.7857142857142857,2,0.3157894736842105,0,263,0,0,199,1787,4060,0
1,0.5,2,0.3684210526315789,0,187,0,1,496,4694,1259,0
0,0.8571428571428571,3,0.6842105263157895,1,24,1,0,308,886,513,0
1,0.42857142857142855,1,0.8947368421052632,0,57,1,0,230,432,1567,0
1,0.7142857142857143,2,0.631578947368421,1,70,1,0,336,508,4971,0
0,1.0,3,1.0,1,244,1,1,153,1929,3722,0
0,0.5,2,0.47368421052631576,1,93,1,1,390,2510,2338,0
1,0.6428571428571429,2,0.3157894736842105,0,287,0,0,29,2104,3787,0
0,0.35714285714285715,3,0.7894736842105263,0,105,1,1,487,897,4811,0
0,0.8571428571428571,3,0.5263157894736842,1,198,0,1,129,3460,3263,0
0,0.35714285714285715,3,0.7894736842105263,0,105,1,0,8,2806,105,0
0,0.5714285714285714,2,0.6842105263157895,0,238,0,1,179,4284,4458,0
0,0.42857142857142855,1,0.3157894736842105,0,4,0,1,108,915,4281,0
1,0.7857142857142857,3,0.3157894736842105,0,199,1,1,406,1357,1386,0
0,0.42857142857142855,1,0.42105263157894735,0,70,0,1,237,4597,3234,0
1,0.9285714285714286,2,0.3157894736842105,0,204,0,0,176,4326,3286,0
1,0.7142857142857143,2,0.47368421052631576,1,19,0,0,16,2011,655,0
1,0.5,1,0.42105263157894735,1,28,0,1,343,2022,2686,0
1,0.5714285714285714,2,0.9473684210526315,0,213,0,0,39,495,2317,0
0,0.9285714285714286,2,0.7368421052631579,0,146,1,0,96,1070,4749,0
0,1.0,1,0.3684210526315789,1,111,0,0,329,3142,4298,0
1,0.35714285714285715,3,0.8421052631578947,0,291,1,0,123,564,3189,0
0,0.7857142857142857,3,0.6842105263157895,1,202,1,0,467,136,3102,0
1,0.6428571428571429,2,0.8421052631578947,0,192,0,0,187,57,2986,1
0,0.5714285714285714,3,0.47368421052631576,1,135,1,1,139,4760,1963,0
1,0.35714285714285715,3,0.8421052631578947,0,64,0,1,210,1857,4701,0
1,1.0,2,0.42105263157894735,0,186,1,0,402,719,4234,0
1,0.7142857142857143,2,0.5789473684210527,1,234,0,1,340,4987,1977,0
1,0.35714285714285715,2,0.2631578947368421,1,49,1,0,214,4988,2426,0
0,0.9285714285714286,3,0.47368421052631576,0,58,0,0,270,4911,2163,0
1,0.5714285714285714,2,0.5789473684210527,1,35,1,1,182,2944,1979,0
0,0.6428571428571429,3,0.5263157894736842,0,282,0,1,456,20,141,0
0,0.5714285714285714,1,0.5789473684210527,1,185,0,1,458,2790,823,0
0,0.5714285714285714,3,0.5263157894736842,0,146,1,1,80,1065,2835,0
0,0.35714285714285715,3,0.47368421052631576,0,203,0,1,73,1850,1181,0
1,1.0,2,0.47368421052631576,0,241,0,1,215,987,3718,0
1,0.7857142857142857,2,0.5263157894736842,0,148,1,1,75,2744,519,0
0,0.7142857142857143,2,0.5789473684210527,1,191,1,0,67,550,3391,0
1,0.8571428571428571,1,0.8421052631578947,0,268,1,0,33,3875,225,0
0,0.6428571428571429,1,1.0,1,67,0,1,475,4266,3293,0
0,0.5,1,0.7894736842105263,0,60,1,1,330,4276,4006,0
1,0.42857142857142855,3,0.7368421052631579,0,294,1,1,182,4812,1313,0
0,0.42857142857142855,2,0.8421052631578947,1,107,0,1,41,954,4911,0
0,0.42857142857142855,3,0.9473684210526315,0,151,0,1,404,4551,1625,0
0,0.7142857142857143,1,0.8947368421052632,1,40,1,0,400,3587,209,0
1,0.35714285714285715,1,0.3684210526315789,0,43,0,0,418,4491,2651,0
0,1.0,2,0.8421052631578947,1,41,1,1,355,1438,2782,0
1,0.42857142857142855,3,0.7894736842105263,1,148,1,0,226,2815,2185,0
1,0.6428571428571429,2,0.5789473684210527,0,291,0,1,50,2096,3209,0
1,0.5,2,0.9473684210526315,1,24,1,0,105,3673,1939,0
1,0.35714285714285715,2,0.5789473684210527,1,169,0,0,81,4525,3273,0
1,0.5714285714285714,2,0.3157894736842105,0,239,1,0,372,998,222,0
0,0.6428571428571429,3,0.9473684210526315,1,89,0,0,321,938,2568,0
1,0.5714285714285714,2,0.42105263157894735,1,42,1,0,190,2939,3053,0
0,0.8571428571428571,1,0.8947368421052632,1,126,0,1,97,1779,1529,0
0,0.42857142857142855,2,0.3684210526315789,0,181,1,1,393,4908,3777,0
1,0.6428571428571429,2,0.3157894736842105,1,64,1,1,337,845,4078,0
1,1.0,1,0.3157894736842105,0,288,0,0,303,4366,1075,0
1,0.8571428571428571,2,0.9473684210526315,1,19,1,0,7,804,2923,0
0,0.8571428571428571,3,0.3684210526315789,0,174,1,0,79,4055,1729,0
0,0.5,1,1.0,0,101,0,0,116,331,2170,0
1,0.8571428571428571,3,0.2631578947368421,0,47,0,0,409,3642,1973,0
1,0.9285714285714286,3,0.7894736842105263,1,124,0,1,70,1782,3363,0
1,0.5714285714285714,3,0.42105263157894735,1,135,1,0,421,2000,4647,0
1,0.8571428571428571,2,0.9473684210526315,0,2,1,1,207,4969,604,0
1,0.8571428571428571,2,0.47368421052631576,0,105,0,1,153,3515,1888,0
0,0.35714285714285715,1,0.5263157894736842,1,241,1,1,236,337,449,0
1,0.35714285714285715,1,0.42105263157894735,1,164,0,0,122,3185,2869,0
0,0.5,2,0.9473684210526315,1,287,1,0,459,1164,4825,0
1,0.5,2,0.3684210526315789,0,150,0,0,447,2475,228,0
1,0.8571428571428571,1,1.0,1,213,1,1,285,922,797,0
1,0.6428571428571429,2,0.5263157894736842,1,10,1,1,352,2153,1585,0
1,0.42857142857142855,2,0.6842105263157895,1,19,0,1,364,3557,1138,0
1,0.7142857142857143,2,0.5789473684210527,0,71,0,1,413,2017,3765,0
0,0.9285714285714286,2,0.631578947368421,0,292,0,1,477,2258,712,0
0,0.5,1,0.6842105263157895,1,55,1,1,427,507,2146,0
1,0.42857142857142855,2,0.47368421052631576,0,108,1,1,161,4221,1736,0
0,0.8571428571428571,1,0.3684210526315789,0,288,1,1,266,485,3403,0
0,0.6428571428571429,3,0.8947368421052632,0,241,0,0,303,4732,395,0
1,1.0,2,0.8421052631578947,1,186,0,0,385,4378,1425,0
0,0.5714285714285714,1,0.47368421052631576,1,122,0,1,476,4631,3856,0
1,0.9285714285714286,3,0.42105263157894735,1,162,1,1,228,2003,1446,0
1,0.8571428571428571,1,0.7368421052631579,0,152,0,1,275,2658,2462,0
0,0.5,2,0.6842105263157895,0,272,1,0,38,561,3916,0
0,0.5,1,0.8421052631578947,1,207,0,1,245,1162,815,0
0,0.8571428571428571,1,1.0,0,212,0,1,248,211,1833,0
0,0.5,3,0.7894736842105263,0,73,1,1,409,4615,4595,0
1,0.5,2,0.7368421052631579,0,263,1,0,308,3242,358,0
0,0.5,1,0.3157894736842105,1,2,1,0,252,4032,3985,0
0,0.42857142857142855,1,0.42105263157894735,0,175,1,1,176,1456,1349,0
0,0.9285714285714286,1,0.8947368421052632,1,277,1,0,430,213,93,0
0,0.42857142857142855,3,0.5263157894736842,1,165,0,0,281,2339,4690,0
0,0.7142857142857143,2,0.7368421052631579,0,147,1,0,169,678,2897,0
1,0.5714285714285714,2,0.7894736842105263,0,93,1,1,309,1574,1569,0
1,0.6428571428571429,2,0.8947368421052632,0,208,1,1,396,682,56,0
0,0.35714285714285715,2,0.47368421052631576,0,203,1,1,63,1620,3384,0
0,1.0,1,0.9473684210526315,1,290,0,1,209,74,480,0
1,0.9285714285714286,1,0.8421052631578947,1,145,0,1,73,4402,3523,0
1,0.5,1,0.7894736842105263,1,264,0,0,144,920,544,0
0,1.0,1,0.5263157894736842,0,174,0,1,80,2486,105,0
1,0.35714285714285715,3,0.3684210526315789,1,270,0,0,329,4771,2738,0
0,0.42857142857142855,2,0.5789473684210527,1,6,1,0,495,541,2763,0
1,0.35714285714285715,2,0.631578947368421,0,75,1,0,282,4483,869,0
1,0.7857142857142857,1,0.47368421052631576,1,147,0,1,387,4651,4039,0
1,1.0,2,0.5789473684210527,0,94,0,1,308,4264,1794,0
0,1.0,2,1.0,1,276,1,1,87,171,3440,0
0,1.0,1,0.8421052631578947,0,214,1,0,486,1352,1587,0
1,0.7857142857142857,1,0.42105263157894735,0,95,0,0,293,4601,1105,0
0,0.5714285714285714,2,0.7894736842105263,1,95,0,0,416,2542,2063,0
1,0.7142857142857143,3,0.631578947368421,1,177,1,0,434,2258,3685,0
0,0.7142857142857143,2,0.42105263157894735,0,236,1,1,186,3362,1116,0
0,0.7142857142857143,1,0.7368421052631579,0,115,1,1,227,825,1666,0
0,0.35714285714285715,1,0.3157894736842105,1,83,0,0,47,4474,4795,0
0,0.7142857142857143,3,0.6842105263157895,1,108,0,1,483,1017,4662,0
1,0.7857142857142857,3,1.0,0,156,0,1,151,4372,2105,0
0,0.35714285714285715,3,0.2631578947368421,1,298,0,0,262,1093,4133,0
0,0.9285714285714286,3,0.9473684210526315,0,127,1,1,293,3848,235,0
0,0.5714285714285714,2,0.2631578947368421,0,38,0,1,323,4753,1309,0
1,1.0,2,0.5263157894736842,0,207,0,0,462,3979,4205,0
1,0.5,1,0.7894736842105263,0,210,1,1,284,2281,1079,0
0,0.7857142857142857,3,0.8421052631578947,1,193,0,0,440,3497,1658,0
1,0.35714285714285715,2,0.47368421052631576,1,113,1,1,274,4157,1075,0
1,0.35714285714285715,3,1.0,1,184,1,1,432,3985,1527,0
0,0.6428571428571429,2,0.8421052631578947,0,247,1,0,75,172,1777,0
1,0.5,1,0.42105263157894735,0,236,0,1,422,2213,380,0
0,0.7142857142857143,3,0.5789473684210527,0,240,1,1,144,847,209,0
1,0.42857142857142855,1,0.5789473684210527,0,189,1,0,381,555,1224,0
0,0.35714285714285715,2,0.9473684210526315,0,27,0,1,180,1946,864,0
0,0.7142857142857143,3,0.5789473684210527,1,12,1,0,443,2480,2694,0
0,0.35714285714285715,2,0.2631578947368421,1,250,0,1,256,4468,1109,0
1,1.0,1,1.0,0,207,1,1,445,1218,238,0
1,0.35714285714285715,3,0.631578947368421,0,206,0,0,168,885,4297,0
1,0.7142857142857143,3,0.8947368421052632,0,86,1,0,371,3675,680,0
0,0.5,3,0.47368421052631576,1,58,1,1,15,4142,994,0
1,0.8571428571428571,1,0.6842105263157895,1,142,1,0,295,2129,2674,0
1,0.9285714285714286,3,1.0,1,53,1,1,69,1667,3747,0
0,0.5,1,0.6842105263157895,1,181,0,0,335,3046,64,0
1,1.0,1,0.7368421052631579,1,53,0,0,130,1832,1823,0
0,0.9285714285714286,3,0.8421052631578947,1,219,1,0,50,3049,1535,0
1,0.5,3,0.6842105263157895,0,177,1,0,297,1600,34,0
0,0.42857142857142855,3,1.0,1,221,0,1,361,312,2602,0
0,1.0,3,0.47368421052631576,1,199,0,1,54,1817,2465,0
1,0.7142857142857143,3,0.42105263157894735,1,265,0,0,16,309,334,0
1,0.9285714285714286,3,0.3157894736842105,0,248,0,0,99,2930,2260,0
0,0.7142857142857143,2,0.631578947368421,1,229,1,0,160,81,3083,1
0,0.35714285714285715,3,0.631578947368421,0,200,1,0,377,887,4976,0
1,0.42857142857142855,2,1.0,0,226,1,0,232,3513,4938,0
1,0.35714285714285715,3,0.5263157894736842,1,207,1,0,367,4752,1618,0
0,0.7142857142857143,2,0.6842105263157895,0,18,1,0,421,199,4598,0
0,1.0,3,0.6842105263157895,0,92,1,0,491,3407,1222,0
0,1.0,3,0.47368421052631576,0,244,1,1,265,1521,223,0
1,0.7142857142857143,2,1.0,1,61,1,0,179,3799,3291,0
0,0.7142857142857143,2,0.8947368421052632,0,119,0,0,120,1840,3385,0
1,0.9285714285714286,3,0.5789473684210527,1,46,1,1,307,3783,4330,0
0,1.0,3,0.8947368421052632,1,223,0,0,109,3605,1763,0
1,0.7142857142857143,2,0.5263157894736842,0,180,0,0,218,2926,550,0
0,0.35714285714285715,2,0.8947368421052632,1,42,0,0,183,3959,4859,0
1,0.35714285714285715,3,0.2631578947368421,1,78,1,1,225,1537,3664,0
1,0.5,1,0.5263157894736842,1,237,0,1,441,3406,2491,0
1,0.35714285714285715,3,0.3684210526315789,0,56,0,0,113,1173,1930,0
1,0.9285714285714286,3,0.6842105263157895,0,0,1,1,155,2784,2947,0
0,0.7142857142857143,3,0.47368421052631576,1,184,1,1,1,2707,3431,0
0,0.35714285714285715,3,0.8421052631578947,1,43,1,1,329,1322,2350,0
0,1.0,2,0.47368421052631576,1,117,0,0,42,3454,1382,0
1,1.0,3,0.47368421052631576,0,106,1,0,133,48,3845,1
0,0.8571428571428571,1,0.2631578947368421,0,225,1,0,48,1564,4893,0
1,0.35714285714285715,2,0.42105263157894735,1,38,1,1,54,2164,1301,0
1,0.9285714285714286,1,0.3157894736842105,0,36,1,1,70,2833,1299,0
0,0.5,2,0.8947368421052632,0,88,1,1,494,1903,3333,0
1,0.6428571428571429,2,0.47368421052631576,0,228,1,1,447,2775,4320,0
0,0.7857142857142857,3,0.8421052631578947,1,252,1,1,88,4849,3845,0
1,0.35714285714285715,1,0.5789473684210527,1,73,0,1,202,3209,2822,0
0,0.5,2,0.47368421052631576,0,36,1,1,183,2907,1437,0
1,1.0,3,0.8421052631578947,0,27,1,0,9,4264,792,0
0,0.9285714285714286,3,0.3684210526315789,0,5,0,0,338,4305,3347,0
0,0.9285714285714286,1,0.5263157894736842,1,62,1,0,355,2590,2722,0
0,0.5,3,0.3684210526315789,0,102,1,1,18,3175,3937,0
1,0.35714285714285715,1,0.6842105263157895,1,294,1,0,321,1986,222,0
0,0.9285714285714286,2,0.6842105263157895,1,282,0,0,278,1125,2280,0
0,0.5714285714285714,3,1.0,1,204,0,1,274,1636,1885,0
0,0.6428571428571429,2,0.6842105263157895,1,170,1,1,4,3876,1029,0
0,0.7142857142857143,1,0.47368421052631576,0,72,0,0,416,639,3667,0
1,0.42857142857142855,1,0.3684210526315789,0,121,1,1,187,2114,4945,0
1,1.0,3,0.5263157894736842,1,43,1,1,15,818,3209,0
0,0.5714285714285714,2,0.8421052631578947,0,106,1,1,211,162,1469,0
0,0.5,2,0.9473684210526315,0,83,1,1,24,1381,992,0
0,0.42857142857142855,1,0.5789473684210527,0,186,1,0,250,4016,3196,0
1,0.7142857142857143,2,0.631578947368421,0,283,1,0,270,4915,378,0
1,0.7142857142857143,3,0.3157894736842105,1,233,0,0,188,4647,2175,0
1,0.35714285714285715,1,0.8421052631578947,1,201,1,0,228,417,3715,0
1,0.35714285714285715,2,0.5263157894736842,1,15,1,1,340,4371,2836,0
0,1.0,2,0.9473684210526315,0,27,1,0,231,4766,1894,0
0,0.7142857142857143,1,0.3684210526315789,0,93,0,1,304,3604,1571,0
1,0.5714285714285714,3,1.0,0,140,0,1,147,406,3270,0
1,0.6428571428571429,2,0.7368421052631579,0,282,0,1,441,3539,4763,0
0,0.5,3,0.8421052631578947,1,37,0,0,435,3720,1721,0
1,0.9285714285714286,1,0.8947368421052632,1,213,0,1,270,767,2224,0
1,0.42857142857142855,2,0.47368421052631576,1,132,1,0,203,4126,1629,0
0,0.7142857142857143,1,0.3684210526315789,1,71,0,0,332,3737,2514,0
1,0.7857142857142857,3,0.8947368421052632,0,280,0,0,272,298,486,0
0,0.9285714285714286,3,0.8421052631578947,0,102,0,0,117,4636,1076,0
1,0.7142857142857143,3,0.7894736842105263,0,56,0,0,124,2881,161,0
1,0.6428571428571429,2,0.6842105263157895,0,201,0,1,365,709,2523,0
0,0.8571428571428571,1,0.42105263157894735,1,138,0,0,258,1055,227,0
1,0.7857142857142857,3,0.631578947368421,0,49,0,0,458,4481,2322,0
0,0.8571428571428571,1,0.2631578947368421,0,266,0,1,200,3598,4323,0
0,0.6428571428571429,2,0.3684210526315789,0,139,1,1,332,1314,2364,0
0,0.6428571428571429,1,0.5263157894736842,0,149,0,1,106,2283,597,0
0,0.6428571428571429,2,0.47368421052631576,0,243,0,1,127,3161,3529,0
0,0.8571428571428571,3,0.3684210526315789,1,71,0,0,131,1460,2249,0
0,0.7142857142857143,3,0.8947368421052632,1,294,0,1,27,3170,145,0
0,1.0,1,1.0,0,82,0,0,68,2835,3401,0
1,0.7857142857142857,3,1.0,1,112,0,0,155,4610,597,0
1,0.35714285714285715,1,0.9473684210526315,1,69,1,1,174,2918,1020,0
1,0.8571428571428571,1,0.2631578947368421,0,209,1,0,283,2594,3095,0
1,0.42857142857142855,2,0.2631578947368421,1,98,0,1,198,4928,3672,0
1,0.5,3,0.631578947368421,0,85,1,0,228,1293,2916,0
0,0.6428571428571429,2,0.3684210526315789,1,7,1,0,10,4373,2098,0
1,0.9285714285714286,1,0.7894736842105263,1,155,1,0,56,2113,1419,0
1,0.5714285714285714,2,0.7368421052631579,1,61,1,0,468,4200,2362,0
1,0.42857142857142855,3,0.5263157894736842,0,147,0,0,273,151,1064,0
0,0.7857142857142857,2,0.6842105263157895,1,81,1,1,317,3428,1765,0
1,0.35714285714285715,1,0.47368421052631576,1,222,1,1,73,1675,3788,0
1,0.6428571428571429,3,0.3157894736842105,0,114,1,1,191,4958,1159,0
0,0.9285714285714286,1,0.42105263157894735,1,117,0,1,153,3245,4712,0
1,0.42857142857142855,2,0.3684210526315789,1,233,0,0,361,1391,826,0
1,0.8571428571428571,2,0.8421052631578947,1,172,1,1,468,1025,1441,0
1,0.7857142857142857,1,0.5263157894736842,1,55,1,1,401,540,2762,0
0,0.7857142857142857,2,0.2631578947368421,0,205,1,0,292,148,3185,0
0,0.42857142857142855,1,0.2631578947368421,0,6,1,1,207,1502,1313,0
1,1.0,1,1.0,0,167,0,1,25,86,920,0
0,1.0,2,0.7894736842105263,0,131,0,0,341,4141,2224,0
1,0.5714285714285714,1,0.7368421052631579,0,115,0,0,17,2860,3183,0
0,0.42857142857142855,2,0.3684210526315789,1,292,1,0,481,3215,1088,0
1,0.5,2,0.3684210526315789,0,152,0,0,303,4042,4534,0
0,1.0,3,0.8947368421052632,0,127,1,1,420,490,1129,0
1,0.42857142857142855,2,0.5263157894736842,0,196,1,0,425,4913,2700,0
0,0.6428571428571429,2,0.47368421052631576,1,246,1,0,401,78,1161,1
1,0.7142857142857143,1,0.2631578947368421,1,58,0,0,307,1790,3768,0
1,0.7857142857142857,3,0.8947368421052632,1,87,0,0,423,4376,1822,0
0,0.42857142857142855,3,0.8421052631578947,0,35,0,1,104,3257,3786,0
0,1.0,2,0.3684210526315789,0,186,0,1,298,4574,3593,0
0,0.7857142857142857,2,0.8947368421052632,0,270,1,1,60,703,3201,0
1,1.0,3,0.8421052631578947,1,81,1,0,104,120,4897,0
0,0.7142857142857143,2,0.8421052631578947,1,178,1,0,122,3967,4409,0
0,0.5,1,1.0,1,175,1,0,403,4532,972,0
1,0.8571428571428571,3,0.42105263157894735,1,264,1,0,144,296,1318,0
1,0.8571428571428571,1,0.9473684210526315,0,90,0,0,143,1875,1824,0
0,0.5,1,0.8421052631578947,1,284,0,1,11,229,1764,0
1,0.6428571428571429,1,0.2631578947368421,1,100,1,1,199,1997,23,0
0,0.35714285714285715,1,0.5789473684210527,0,142,1,1,92,236,3227,0
0,0.8571428571428571,2,0.2631578947368421,1,39,1,0,418,4710,966,0
1,1.0,3,0.7894736842105263,0,255,0,0,215,3618,686,0
1,0.6428571428571429,3,0.47368421052631576,1,221,1,1,17,546,233,0
0,0.7857142857142857,1,0.8421052631578947,1,165,1,1,340,324,918,0
1,0.7857142857142857,2,0.7368421052631579,1,82,0,0,345,1390,224,0
1,1.0,1,0.6842105263157895,1,118,1,0,395,4886,3394,0
0,0.7142857142857143,3,0.47368421052631576,0,71,0,0,215,74,981,0
0,0.9285714285714286,1,0.5789473684210527,1,58,0,1,445,1098,4879,0
1,0.5714285714285714,2,0.3157894736842105,0,247,0,1,264,2817,3893,0
0,0.7857142857142857,2,0.8421052631578947,1,137,1,1,435,1130,737,0
1,0.6428571428571429,2,0.8421052631578947,1,80,0,0,351,1615,889,0
0,0.42857142857142855,1,0.3684210526315789,0,154,1,1,126,2358,4472,0
1,0.35714285714285715,3,0.5789473684210527,0,186,1,0,109,269,4037,0
1,0.8571428571428571,2,0.3684210526315789,1,39,1,1,471,1356,4406,0
1,0.8571428571428571,2,0.7368421052631579,0,47,0,1,13,3127,1214,0
0,1.0,1,0.3684210526315789,0,161,1,0,314,3201,947,0
1,0.9285714285714286,1,0.7894736842105263,0,282,1,0,81,687,2166,0
0,0.7857142857142857,2,0.8421052631578947,1,180,0,0,261,1081,4134,0
1,1.0,2,0.5263157894736842,1,99,0,1,411,1541,3002,0
0,0.6428571428571429,3,0.47368421052631576,1,107,1,1,336,4510,4594,0
0,0.5,3,1.0,0,51,0,0,16,2291,4007,0
0,0.5,1,0.7894736842105263,0,70,0,0,8,3012,3985,0
1,0.7857142857142857,1,0.631578947368421,1,206,0,1,158,4262,270,0
1,0.7857142857142857,1,0.6842105263157895,0,215,1,0,283,4113,1066,0
1,1.0,2,0.6842105263157895,0,99,1,1,156,3367,283,0
0,0.9285714285714286,3,0.7894736842105263,0,21,1,1,55,2869,1893,0
1,0.7857142857142857,3,0.631578947368421,0,276,0,1,293,4354,2443,0
0,0.7857142857142857,1,0.42105263157894735,1,181,1,1,150,4225,4798,0
1,0.7857142857142857,3,0.5789473684210527,1,78,0,0,175,2064,4381,0
1,0.6428571428571429,2,0.5789473684210527,0,181,1,0,100,4681,1377,0
1,0.7857142857142857,2,0.6842105263157895,0,117,0,1,196,726,975,0
0,0.7857142857142857,3,0.7368421052631579,0,208,1,0,486,1607,1721,0
1,0.8571428571428571,2,0.7894736842105263,0,60,1,0,17,3936,3972,0
1,0.9285714285714286,3,0.7368421052631579,1,245,1,0,24,2003,2463,0
0,0.6428571428571429,2,0.5263157894736842,0,230,0,0,299,527,4293,0
1,0.6428571428571429,1,0.8421052631578947,0,237,0,1,123,4196,1689,0
0,0.8571428571428571,2,0.5789473684210527,1,265,0,1,375,1767,2386,0
0,0.7857142857142857,3,0.3684210526315789,1,238,1,0,31,1132,2700,0
0,0.9285714285714286,1,0.5789473684210527,0,57,1,1,89,2697,368,0
1,0.6428571428571429,1,0.3684210526315789,0,164,0,0,212,4271,1866,0
0,0.9285714285714286,3,0.42105263157894735,0,206,1,1,243,1752,966,0
0,0.8571428571428571,1,0.5263157894736842,1,139,1,1,237,1089,667,0
0,0.5714285714285714,2,0.8421052631578947,1,213,0,1,430,2273,4033,0
1,1.0,1,0.8947368421052632,0,47,0,0,433,1316,104,0
0,0.7857142857142857,3,0.8947368421052632,0,257,0,1,153,831,968,0
1,0.7142857142857143,1,0.2631578947368421,1,214,0,0,241,2225,4784,0
0,0.9285714285714286,2,0.7894736842105263,1,55,0,0,438,2914,3352,0
1,0.42857142857142855,1,0.3684210526315789,0,170,1,0,364,1781,2956,0
0,0.7142857142857143,3,0.2631578947368421,0,238,0,1,195,934,1405,0
0,0.7857142857142857,2,0.5789473684210527,0,186,0,0,335,355,873,0
0,0.6428571428571429,1,0.3157894736842105,0,249,1,1,245,4065,4418,0
1,0.5714285714285714,2,0.47368421052631576,0,77,0,1,408,1726,2587,0
0,0.9285714285714286,3,0.631578947368421,0,209,0,1,213,4071,1465,0
1,0.5714285714285714,1,1.0,0,246,0,0,479,386,421,0
0,0.7142857142857143,2,0.47368421052631576,1,103,0,0,31,1353,2855,0
1,0.5714285714285714,2,0.8421052631578947,0,138,1,1,353,282,1357,0
0,0.42857142857142855,3,0.5263157894736842,0,271,0,1,14,2440,1738,0
1,0.7857142857142857,1,0.47368421052631576,0,155,0,1,84,1564,132,0
0,0.7857142857142857,3,0.7894736842105263,0,268,0,1,75,1412,4541,0
1,0.5,3,0.9473684210526315,0,22,0,0,253,4161,1004,0
0,0.35714285714285715,2,0.5263157894736842,0,122,0,0,333,4777,232,0
0,0.9285714285714286,3,0.42105263157894735,1,12,1,0,334,2800,957,0
1,0.42857142857142855,3,0.47368421052631576,0,125,0,1,186,2205,4939,0
1,0.8571428571428571,2,0.7368421052631579,1,44,1,0,111,4757,4223,0
1,0.6428571428571429,3,1.0,0,166,1,1,308,2544,669,0
0,0.5714285714285714,1,0.7368421052631579,1,112,1,1,384,2850,1734,0
0,0.35714285714285715,1,1.0,1,145,0,1,266,2970,1127,0
1,0.7142857142857143,3,0.5789473684210527,1,128,1,1,278,1487,4439,0
1,0.35714285714285715,3,0.5789473684210527,1,19,0,1,142,2073,4311,0
1,0.5,3,0.7894736842105263,1,185,0,1,57,2513,3185,0
0,0.5714285714285714,3,0.631578947368421,1,2,0,0,77,4566,4803,0
0,0.42857142857142855,3,0.631578947368421,1,48,1,0,32,1095,3863,0
1,0.7857142857142857,1,0.7894736842105263,0,232,0,1,432,4568,4419,0
1,0.9285714285714286,2,1.0,1,93,1,0,415,1507,748,0
1,0.42857142857142855,3,0.9473684210526315,1,290,0,1,305,687,4345,0
0,0.35714285714285715,2,0.2631578947368421,0,109,1,1,367,3969,2196,0
1,0.8571428571428571,1,0.47368421052631576,0,146,1,0,16,4453,2908,0
0,0.9285714285714286,2,0.8421052631578947,1,75,1,1,483,2593,3272,0
1,0.7857142857142857,2,0.3157894736842105,0,109,0,0,179,1044,1478,0
0,0.35714285714285715,2,0.8421052631578947,1,160,1,1,407,2785,347,0
1,0.6428571428571429,2,0.9473684210526315,0,21,1,0,148,1993,1724,0
0,0.9285714285714286,1,0.7894736842105263,0,44,1,1,298,2553,440,0
0,0.7857142857142857,2,1.0,0,21,1,0,17,4025,705,0
0,1.0,3,0.3684210526315789,1,17,0,0,435,1932,3622,0
1,0.35714285714285715,1,0.7894736842105263,1,137,1,1,142,947,3738,0
1,0.7142857142857143,3,0.3157894736842105,1,212,0,1,77,1074,462,0
1,0.7857142857142857,3,0.42105263157894735,1,206,1,1,278,319,798,0
1,0.5714285714285714,2,0.6842105263157895,1,45,0,0,153,226,711,0
0,0.42857142857142855,2,0.8947368421052632,0,21,1,1,422,122,3144,0
0,0.7142857142857143,2,0.8947368421052632,0,190,1,0,249,1052,4508,0
1,0.7142857142857143,2,0.7368421052631579,0,268,1,0,77,1176,1129,0
1,0.9285714285714286,2,0.6842105263157895,1,118,0,1,103,1919,2433,0
1,0.5,2,0.47368421052631576,0,177,0,1,449,2740,4880,0
0,0.8571428571428571,2,0.9473684210526315,1,236,1,1,216,834,4278,0
1,0.7142857142857143,1,0.6842105263157895,0,286,0,0,163,2509,1627,0
1,0.5714285714285714,2,0.9473684210526315,0,71,0,0,217,2024,370,0
0,0.35714285714285715,3,0.6842105263157895,0,16,1,0,312,2603,2001,0
1,0.7857142857142857,3,0.9473684210526315,0,162,1,0,441,2068,3416,0
0,0.7857142857142857,2,0.5789473684210527,0,236,0,1,367,1982,4030,0
0,0.8571428571428571,1,0.6842105263157895,1,59,1,1,148,1354,1726,0
0,0.8571428571428571,1,0.3684210526315789,1,125,0,0,442,1280,2384,0
1,0.6428571428571429,3,0.2631578947368421,0,214,0,1,165,1502,1305,0
0,1.0,3,0.8421052631578947,0,184,1,0,138,3397,3629,0
1,0.8571428571428571,1,0.7368421052631579,1,259,1,0,107,3385,4213,0
0,0.7142857142857143,3,0.7368421052631579,1,238,1,1,212,1872,745,0
0,0.8571428571428571,2,0.9473684210526315,1,251,1,1,184,1773,2194,0
1,0.5714285714285714,1,0.5263157894736842,0,57,1,0,473,2349,4331,0
0,1.0,3,0.42105263157894735,0,93,0,0,52,2302,3190,0
1,0.42857142857142855,1,0.3684210526315789,1,256,1,1,288,100,2243,0
0,1.0,2,0.631578947368421,0,200,1,1,259,4224,3632,0
1,0.9285714285714286,1,0.3157894736842105,1,16,0,1,118,1417,4211,0
1,0.6428571428571429,1,0.8421052631578947,0,47,0,1,446,1152,3870,0
0,0.8571428571428571,2,0.7894736842105263,1,244,0,0,151,4655,4640,0
1,1.0,3,0.631578947368421,0,289,0,0,45,3880,1159,0
0,0.42857142857142855,1,0.5789473684210527,1,282,0,0,180,1036,509,0
0,0.9285714285714286,3,0.5263157894736842,1,267,0,1,205,2434,4687,0
0,0.35714285714285715,3,0.5263157894736842,0,279,1,1,423,118,2983,0
1,0.5714285714285714,1,0.47368421052631576,1,48,0,0,9,3670,3066,0
1,0.6428571428571429,1,0.7894736842105263,0,222,0,0,190,1649,3758,0
1,0.9285714285714286,1,0.7368421052631579,1,150,1,0,354,3945,1711,0
0,0.7142857142857143,1,0.5789473684210527,0,275,0,0,193,4195,3896,0
0,0.6428571428571429,1,1.0,0,244,1,1,265,3609,4934,0
1,0.5714285714285714,2,0.5263157894736842,1,55,0,0,74,677,3475,0
1,0.6428571428571429,1,0.3157894736842105,1,116,1,1,425,4698,1524,0
0,0.35714285714285715,2,0.7894736842105263,1,123,1,0,208,4689,320,0
0,0.9285714285714286,1,0.631578947368421,0,272,0,1,230,1550,968,0
1,0.35714285714285715,3,0.8421052631578947,1,189,1,0,467,4164,2668,0
1,0.5,2,0.2631578947368421,1,155,1,1,460,1009,4655,0
1,0.7857142857142857,1,1.0,0,103,1,1,381,675,1651,0
0,0.6428571428571429,1,0.2631578947368421,0,142,1,1,328,1129,400,0
1,0.6428571428571429,3,0.42105263157894735,1,235,1,0,105,752,3284,0
0,0.6428571428571429,3,0.5263157894736842,0,166,1,1,480,1158,617,0
1,0.6428571428571429,3,0.3157894736842105,0,55,1,0,333,3826,1415,0
1,1.0,3,0.631578947368421,0,86,0,0,355,2824,2132,0
0,0.35714285714285715,1,0.8421052631578947,1,104,0,1,212,3050,1780,0
1,0.7142857142857143,1,0.9473684210526315,1,12,1,0,145,2370,4471,0
1,1.0,3,0.6842105263157895,1,95,1,0,113,2786,2804,0
1,0.6428571428571429,1,0.7894736842105263,1,4,0,0,94,1447,4047,0
0,0.5,2,0.7368421052631579,1,15,1,0,188,2758,1831,0
0,0.5,3,0.5263157894736842,0,71,1,0,327,2823,3998,0
1,0.5,2,0.8421052631578947,0,297,1,1,495,4619,603,0
0,0.7142857142857143,2,0.5263157894736842,1,28,1,0,107,3764,2917,0
0,0.5714285714285714,2,0.5263157894736842,0,186,0,1,451,4362,2107,0
1,0.7857142857142857,2,0.5263157894736842,1,178,1,1,154,1278,757,0
0,0.5,2,0.631578947368421,0,243,0,0,480,492,2941,0
1,0.8571428571428571,2,0.9473684210526315,1,143,1,1,353,1996,581,0
0,0.7142857142857143,1,0.6842105263157895,0,111,1,0,487,3055,98,0
0,0.9285714285714286,1,0.5789473684210527,1,183,0,1,280,225,2847,0
0,0.42857142857142855,2,0.3684210526315789,1,268,0,0,195,3242,892,0
0,0.9285714285714286,2,1.0,1,149,0,0,252,3535,2265,0
1,0.7142857142857143,3,0.631578947368421,1,72,0,1,25,2486,235,0
0,0.7857142857142857,1,0.631578947368421,1,125,0,1,365,3788,4385,0
0,1.0,3,0.631578947368421,1,57,1,1,11,4228,4689,0
0,0.7857142857142857,2,0.8421052631578947,0,187,0,1,198,2735,2242,0
0,0.5714285714285714,1,0.47368421052631576,1,294,1,0,139,604,4613,0
0,0.8571428571428571,3,0.2631578947368421,1,170,1,0,310,2739,3279,0
0,0.5714285714285714,1,0.8421052631578947,0,5,0,1,58,1416,1667,0
0,0.7857142857142857,2,0.3157894736842105,1,126,0,1,478,355,2587,0
1,0.6428571428571429,3,0.8421052631578947,1,223,1,1,75,4234,298,0
1,0.5,1,0.8421052631578947,1,145,1,1,98,4466,1660,0
1,1.0,1,1.0,0,245,1,1,107,4157,1102,0
1,0.7142857142857143,3,0.6842105263157895,1,43,0,0,287,4607,560,0
1,0.6428571428571429,2,0.3684210526315789,0,13,0,0,116,317,4782,0
1,0.35714285714285715,2,0.5263157894736842,0,180,1,0,468,2100,1233,0
1,0.7142857142857143,2,0.5789473684210527,1,37,0,0,128,3990,1918,0
1,0.6428571428571429,3,0.3157894736842105,0,249,1,0,220,4317,1903,0
0,0.5,1,0.5263157894736842,0,283,1,1,147,2180,3192,0
1,0.6428571428571429,3,0.8947368421052632,0,82,0,0,61,2042,3285,0
1,0.6428571428571429,3,0.6842105263157895,1,196,1,0,185,2251,1363,0
1,1.0,1,0.6842105263157895,0,247,1,1,428,4598,3078,0
0,0.42857142857142855,1,0.8947368421052632,0,57,1,1,56,1174,3005,0
1,0.35714285714285715,1,0.7894736842105263,0,190,1,0,18,4938,435,0
0,0.42857142857142855,1,0.6842105263157895,0,267,0,1,385,3869,3544,0
0,0.9285714285714286,1,0.7368421052631579,0,89,1,0,423,1737,3346,0
1,0.5,1,1.0,0,290,0,0,41,3302,91,0
0,0.6428571428571429,2,0.7894736842105263,1,126,0,1,453,3901,1573,0
1,0.42857142857142855,2,0.7368421052631579,0,75,1,0,48,4474,2812,0
1,0.42857142857142855,3,0.47368421052631576,1,88,1,0,155,4198,2529,0
1,0.6428571428571429,1,0.8421052631578947,1,60,1,0,129,2170,2711,0
1,0.9285714285714286,2,0.9473684210526315,0,96,1,0,126,2241,2427,0
0,0.35714285714285715,3,0.47368421052631576,1,144,1,1,387,3554,3148,0
1,0.6428571428571429,3,0.5263157894736842,1,73,0,0,342,1308,2956,0
1,0.5714285714285714,3,0.631578947368421,0,16,0,0,35,3981,2873,0
0,0.5714285714285714,3,0.3684210526315789,1,205,0,0,239,4723,3179,0
0,0.42857142857142855,1,0.3684210526315789,0,31,0,0,45,2718,625,0
0,0.35714285714285715,3,0.42105263157894735,0,46,0,1,473,87,2327,1
0,0.8571428571428571,3,1.0,1,240,1,1,306,1038,2399,0
0,1.0,3,0.8421052631578947,0,61,0,0,19,2558,4797,0
1,0.42857142857142855,2,0.8947368421052632,1,26,0,0,138,4067,3696,0
1,0.35714285714285715,1,0.47368421052631576,1,162,1,0,13,1109,2960,0
0,0.7857142857142857,3,0.8947368421052632,0,66,0,0,445,1788,2755,0
0,0.6428571428571429,2,0.9473684210526315,1,245,0,0,89,1906,3649,0
1,0.5,2,0.3157894736842105,0,207,0,0,170,4421,2889,0
0,0.42857142857142855,1,0.42105263157894735,1,204,1,0,397,3933,4151,0
0,0.5,3,0.631578947368421,0,281,0,1,291,4687,2322,0
1,0.42857142857142855,3,0.5263157894736842,1,104,1,1,218,3761,4626,0
1,0.35714285714285715,2,0.9473684210526315,0,152,1,0,181,1924,4086,0
0,0.6428571428571429,2,0.7894736842105263,1,5,1,0,145,371,1469,0
0,0.8571428571428571,2,0.7894736842105263,1,246,1,0,264,2445,4527,0
1,0.9285714285714286,3,0.42105263157894735,1,154,0,0,496,4920,3057,0
1,0.8571428571428571,2,0.3157894736842105,1,59,0,0,324,3771,2199,0
1,1.0,3,0.5263157894736842,0,173,1,0,463,4095,2780,0
0,0.5714285714285714,1,0.8947368421052632,0,236,1,1,353,3538,3199,0
0,0.8571428571428571,3,0.3157894736842105,0,60,0,1,399,2488,1242,0
1,0.9285714285714286,2,0.7894736842105263,0,232,1,1,193,727,4617,0
1,0.35714285714285715,3,0.8421052631578947,0,49,0,0,282,3083,1741,0
1,0.6428571428571429,1,0.9473684210526315,1,220,1,0,241,870,1543,0
0,0.5,1,0.47368421052631576,0,136,1,0,246,2521,4808,0
0,0.5714285714285714,3,0.2631578947368421,0,51,1,1,83,446,4752,0
0,0.5,2,0.631578947368421,1,187,1,0,353,28,4733,1
1,0.35714285714285715,2,1.0,0,47,1,1,107,2024,4865,0
1,0.5714285714285714,2,0.3684210526315789,1,278,1,1,282,3396,4542,0
1,0.9285714285714286,2,0.5789473684210527,0,1,1,0,303,2642,3400,0
1,0.35714285714285715,1,0.9473684210526315,1,245,0,1,194,1400,3420,0
1,0.6428571428571429,3,0.3157894736842105,0,211,1,1,143,4423,4279,0
0,0.7142857142857143,2,0.42105263157894735,1,270,1,1,36,2418,4838,0
1,0.9285714285714286,3,0.3684210526315789,0,218,0,1,225,4930,3464,0
0,0.5714285714285714,2,0.7368421052631579,1,287,0,1,173,4537,4718,0
1,0.35714285714285715,3,0.9473684210526315,1,217,0,0,96,4140,1485,0
0,0.35714285714285715,2,0.8947368421052632,0,202,1,0,355,2579,4516,0
0,0.7857142857142857,1,0.6842105263157895,1,266,0,1,247,3999,4144,0
0,0.7857142857142857,1,0.3684210526315789,1,98,1,0,372,1436,76,0
1,0.7142857142857143,2,0.42105263157894735,0,37,0,1,235,350,842,0
1,0.7857142857142857,3,0.6842105263157895,1,225,0,0,214,1209,4521,0
0,0.35714285714285715,1,0.631578947368421,0,183,0,1,146,612,1949,0
0,0.9285714285714286,3,1.0,0,111,0,0,195,2908,3023,0
0,0.42857142857142855,3,0.3157894736842105,0,94,1,0,306,988,2903,0
0,0.8571428571428571,2,0.8421052631578947,1,103,0,1,296,2747,3091,0
1,0.7142857142857143,2,0.47368421052631576,0,196,1,0,446,4163,3803,0
1,0.7142857142857143,2,0.631578947368421,0,119,1,0,290,3368,3602,0
1,0.42857142857142855,1,0.2631578947368421,1,144,1,0,3,250,2986,0
0,0.35714285714285715,3,0.631578947368421,0,159,1,0,372,48,3370,1
1,1.0,1,0.8947368421052632,0,281,0,0,363,3342,3498,0
0,0.9285714285714286,1,0.3157894736842105,1,155,1,1,477,3998,2747,0
0,0.6428571428571429,1,0.6842105263157895,0,208,0,0,444,3697,4834,0
1,1.0,1,0.8947368421052632,0,191,1,0,57,1392,4183,0
0,0.9285714285714286,1,0.7368421052631579,0,113,0,0,438,4994,2965,0
0,0.7142857142857143,1,0.2631578947368421,0,111,1,0,386,2665,1155,0
0,0.8571428571428571,2,0.8421052631578947,1,17,0,1,154,3417,3620,0
0,0.35714285714285715,1,0.2631578947368421,1,49,1,1,181,1770,513,0
0,0.6428571428571429,1,1.0,0,238,0,0,118,2311,3174,0
0,1.0,2,0.42105263157894735,0,137,1,0,219,2040,2374,0
0,0.5714285714285714,3,0.8947368421052632,1,295,0,1,301,2494,2869,0
1,0.5714285714285714,1,0.9473684210526315,0,231,0,1,419,2515,539,0
1,0.9285714285714286,2,0.9473684210526315,1,277,0,0,376,3981,4801,0
0,0.7142857142857143,2,0.8421052631578947,1,69,0,1,192,766,329,0
0,0.7857142857142857,1,0.8947368421052632,0,117,0,1,177,1538,4987,0
0,0.7142857142857143,1,0.5263157894736842,0,249,1,1,18,1144,2152,0
0,0.42857142857142855,2,0.631578947368421,1,255,1,1,250,2149,4570,0
0,0.8571428571428571,3,0.2631578947368421,1,68,0,0,117,4076,1325,0
0,0.7142857142857143,1,0.5789473684210527,1,224,1,0,372,4934,4656,0
1,0.5,1,1.0,1,286,1,0,231,3062,2592,0
1,0.7142857142857143,2,0.2631578947368421,0,246,0,1,275,4179,3738,0
1,0.35714285714285715,2,0.5789473684210527,0,278,1,1,366,3229,3688,0
1,0.35714285714285715,1,0.5789473684210527,0,264,1,1,459,4898,1439,0
1,0.6428571428571429,1,0.3684210526315789,0,238,1,0,249,313,3061,0
0,0.8571428571428571,3,0.3684210526315789,0,257,1,1,171,3145,3740,0
1,0.5,1,0.3684210526315789,1,72,1,1,213,4018,2838,0
1,0.9285714285714286,1,0.7894736842105263,1,36,1,1,62,3739,4725,0
0,0.5,2,0.3684210526315789,0,144,0,1,479,3622,3551,0
0,0.9285714285714286,2,0.9473684210526315,0,72,0,1,432,3952,4240,0
1,0.8571428571428571,1,0.8421052631578947,0,250,1,1,437,3483,3688,0
1,1.0,1,0.6842105263157895,1,110,0,1,199,2209,806,0
1,0.7142857142857143,2,0.8421052631578947,1,162,1,1,157,3531,2625,0
1,0.35714285714285715,3,0.42105263157894735,1,255,0,0,48,2175,779,0
1,0.5714285714285714,2,0.7368421052631579,0,275,0,1,243,2720,599,0
1,0.5,2,0.5789473684210527,0,166,1,0,8,437,1231,0
1,0.9285714285714286,3,0.7894736842105263,0,174,1,1,105,1982,1958,0
1,1.0,2,0.3684210526315789,1,61,0,0,119,2208,877,0
1,0.5,1,0.47368421052631576,1,165,1,0,337,3686,3986,0
0,0.9285714285714286,3,0.631578947368421,0,113,0,1,120,2063,688,0
0,0.7142857142857143,3,0.631578947368421,0,128,1,0,268,2500,2902,0
0,0.8571428571428571,3,0.9473684210526315,1,206,0,1,476,4917,1382,0
0,0.7142857142857143,1,0.631578947368421,1,75,1,0,277,4001,2668,0
0,0.5714285714285714,3,0.9473684210526315,1,299,0,1,312,4534,2272,0
0,0.42857142857142855,2,0.8421052631578947,1,30,0,1,328,4366,2731,0
0,0.5714285714285714,1,0.47368421052631576,1,142,1,1,414,2033,1124,0
1,0.42857142857142855,1,0.8947368421052632,0,191,1,1,171,4415,3175,0
1,0.8571428571428571,2,0.7894736842105263,0,237,0,0,61,1096,1162,0
1,0.35714285714285715,3,0.42105263157894735,0,24,0,0,383,3253,1728,0
1,0.6428571428571429,3,0.3684210526315789,1,270,1,1,274,1143,2134,0
0,0.8571428571428571,2,0.47368421052631576,1,3,0,0,306,4006,1231,0
0,0.7142857142857143,2,0.7368421052631579,1,268,0,0,404,2502,3200,0
1,0.7857142857142857,3,0.6842105263157895,1,154,1,1,44,1228,1875,0
0,0.5,3,0.6842105263157895,0,179,1,1,83,1049,3878,0
0,0.7857142857142857,1,0.3684210526315789,0,272,1,0,379,3319,4663,0
1,0.7857142857142857,2,0.3684210526315789,0,196,0,1,470,3870,252,0
0,0.7857142857142857,1,0.3157894736842105,1,139,1,0,204,2068,456,0
1,0.8571428571428571,3,0.7368421052631579,0,129,1,1,142,1301,421,0
1,0.42857142857142855,2,0.7368421052631579,0,58,0,0,370,3567,2759,0
1,0.8571428571428571,1,0.3157894736842105,0,285,0,1,368,616,4109,0
1,0.9285714285714286,3,0.42105263157894735,1,62,0,1,41,2737,4042,0
1,0.35714285714285715,1,0.7368421052631579,0,29,0,1,86,395,4949,0
0,0.5714285714285714,3,0.8947368421052632,0,92,1,0,77,2605,789,0
1,0.7857142857142857,1,0.47368421052631576,1,182,1,0,485,4924,2846,0
1,0.8571428571428571,1,0.5789473684210527,0,93,0,0,468,940,3541,0
0,0.8571428571428571,2,0.631578947368421,0,210,1,0,85,4210,3391,0
0,0.7142857142857143,3,1.0,0,216,0,0,210,1164,4858,0
1,0.5714285714285714,3,0.631578947368421,1,182,0,0,103,541,1069,0
1,0.42857142857142855,1,0.5789473684210527,0,208,1,1,134,122,2650,0
0,0.8571428571428571,1,0.2631578947368421,0,213,1,0,404,4155,42,0
1,0.7142857142857143,1,0.631578947368421,0,160,1,1,454,4880,1569,0
0,0.7857142857142857,2,0.9473684210526315,0,67,1,0,391,3533,1877,0
1,0.9285714285714286,3,0.7368421052631579,1,163,1,0,18,2581,3438,0
1,0.7857142857142857,2,0.9473684210526315,0,131,1,1,166,827,783,0
1,0.7142857142857143,3,0.42105263157894735,0,109,1,0,267,4376,3994,0
1,0.42857142857142855,3,0.3157894736842105,1,161,1,0,311,2451,2191,0
1,0.6428571428571429,3,0.3684210526315789,0,289,1,1,324,3022,1395,0
1,0.42857142857142855,3,0.8421052631578947,1,217,0,0,120,4228,2138,0
1,0.7857142857142857,2,0.47368421052631576,0,234,0,1,166,2583,4584,0
1,0.9285714285714286,3,0.2631578947368421,0,248,0,1,208,4756,2224,0
0,0.8571428571428571,1,0.42105263157894735,1,136,0,1,62,994,1377,0
1,0.7142857142857143,2,0.5789473684210527,1,176,1,1,295,595,1678,0
0,0.35714285714285715,1,0.47368421052631576,1,189,1,1,401,4792,4428,0
1,1.0,3,0.8947368421052632,1,37,1,1,348,3675,4435,0
0,0.35714285714285715,2,0.42105263157894735,0,252,0,0,267,2272,2026,0
1,0.6428571428571429,3,0.47368421052631576,1,127,0,0,306,1417,4944,0
0,0.6428571428571429,1,0.6842105263157895,1,236,1,1,288,3072,536,0
0,0.5714285714285714,1,0.2631578947368421,1,191,1,0,152,3930,4491,0
1,0.7857142857142857,1,0.47368421052631576,0,246,1,0,149,3839,2552,0
0,0.6428571428571429,1,0.2631578947368421,0,220,0,1,291,2451,4253,0
1,0.5,2,0.9473684210526315,1,103,0,1,47,969,3650,0
0,0.42857142857142855,3,0.7894736842105263,0,268,0,1,463,610,1840,0
1,0.5,3,0.9473684210526315,0,137,0,1,421,3287,1664,0
0,1.0,3,0.42105263157894735,1,12,0,1,55,4541,3524,0
1,0.42857142857142855,2,0.8421052631578947,0,245,0,0,92,3161,4261,0
1,0.8571428571428571,3,0.9473684210526315,0,48,0,1,342,1559,3361,0
0,0.8571428571428571,2,0.3157894736842105,1,294,0,0,188,2752,2641,0
1,0.8571428571428571,1,0.631578947368421,0,276,0,0,379,4433,344,0
1,0.7857142857142857,2,0.3684210526315789,1,140,1,0,428,904,3148,0
1,0.9285714285714286,2,0.47368421052631576,0,37,0,1,357,3401,3458,0
0,0.42857142857142855,3,1.0,1,298,1,1,217,1052,1596,0
1,1.0,3,0.5263157894736842,0,203,1,1,7,636,889,0
0,0.42857142857142855,1,0.42105263157894735,1,47,1,1,338,4652,2208,0
1,0.35714285714285715,2,0.2631578947368421,1,165,0,1,170,1122,2711,0
1,0.35714285714285715,1,0.8421052631578947,0,238,1,1,270,2273,1821,0
1,0.5,2,0.5789473684210527,1,185,1,1,41,3690,3181,0
1,1.0,2,0.2631578947368421,1,60,0,1,435,2555,1849,0
0,0.7142857142857143,1,0.8947368421052632,1,295,0,1,102,1711,3969,0
0,0.7857142857142857,1,0.631578947368421,0,9,0,1,377,1030,2556,0
0,0.5714285714285714,2,0.7894736842105263,1,138,0,0,54,2862,4812,0
0,0.5,3,0.6842105263157895,0,189,1,1,220,600,1186,0
1,0.6428571428571429,2,0.2631578947368421,1,141,0,1,160,841,3742,0
1,0.8571428571428571,2,0.8421052631578947,1,183,1,0,39,2763,1209,0
0,0.9285714285714286,2,0.631578947368421,0,261,1,0,196,2923,244,0
1,0.35714285714285715,2,0.8421052631578947,0,44,0,1,236,1287,4005,0
0,0.35714285714285715,2,0.8421052631578947,0,220,0,0,6,1969,3867,0
0,0.42857142857142855,1,0.6842105263157895,0,83,0,0,495,4354,2220,0
1,0.5,2,0.631578947368421,1,149,1,0,133,3007,664,0
1,0.7857142857142857,1,1.0,0,119,1,1,343,754,4287,0
1,0.7857142857142857,1,0.2631578947368421,1,274,0,1,24,1093,3758,0
1,0.5714285714285714,1,0.8421052631578947,0,188,0,0,257,2722,588,0
0,0.7857142857142857,2,0.7368421052631579,0,213,0,0,277,3382,2513,0
0,0.42857142857142855,3,0.6842105263157895,1,241,1,1,484,3895,3412,0
1,0.7142857142857143,1,0.3157894736842105,0,294,1,0,399,3861,4210,0
1,0.35714285714285715,2,0.3684210526315789,1,222,1,0,335,3123,3258,0
0,0.35714285714285715,1,0.6842105263157895,1,112,1,1,236,2681,2486,0
0,1.0,1,0.3684210526315789,0,151,1,1,265,2063,1866,0
1,1.0,2,1.0,1,236,1,0,140,4439,1577,0
0,0.5714285714285714,1,0.2631578947368421,1,165,0,0,465,3719,3587,0
1,1.0,1,0.9473684210526315,0,275,0,1,215,75,2367,1
1,0.5,2,0.47368421052631576,0,58,1,0,222,3395,212,0
0,0.5714285714285714,2,0.42105263157894735,1,25,0,0,227,596,433,0
1,0.8571428571428571,2,0.3684210526315789,1,34,0,0,43,4587,4039,0
1,0.42857142857142855,3,0.42105263157894735,1,110,1,0,26,1108,3262,0
0,0.9285714285714286,2,0.42105263157894735,0,143,0,0,220,2428,301,0
1,0.42857142857142855,1,0.7894736842105263,0,94,0,1,0,2702,2511,0
1,0.8571428571428571,3,0.3684210526315789,1,103,1,1,71,505,614,0
1,0.5,2,0.631578947368421,0,165,1,1,247,810,2934,0
1,1.0,2,0.3157894736842105,1,276,1,1,352,3782,2024,0
1,0.8571428571428571,1,0.5263157894736842,1,101,0,0,97,223,1500,0
1,0.5,2,0.6842105263157895,0,91,0,0,389,1126,2730,0
0,0.42857142857142855,2,0.8421052631578947,0,272,1,0,299,2263,3722,0
1,0.35714285714285715,2,0.5789473684210527,0,63,0,0,407,3787,1772,0
0,0.8571428571428571,1,0.9473684210526315,0,200,1,0,185,1560,4945,0
0,0.5714285714285714,2,0.42105263157894735,1,24,1,1,333,858,3139,0
0,0.5714285714285714,3,0.2631578947368421,1,128,1,0,86,1893,89,0
0,0.6428571428571429,2,0.6842105263157895,1,79,1,1,114,4198,1439,0
1,0.7142857142857143,3,1.0,1,201,0,1,245,1656,1702,0
1,1.0,2,0.7894736842105263,1,30,0,1,165,943,1773,0
0,0.35714285714285715,3,0.42105263157894735,0,183,1,1,41,3435,4810,0
1,0.8571428571428571,1,0.8947368421052632,0,51,0,0,311,1777,2886,0
0,0.35714285714285715,2,0.6842105263157895,0,108,1,0,184,2262,3034,0
0,0.8571428571428571,2,0.3157894736842105,0,42,1,0,332,1477,4833,0
0,0.5,1,0.8947368421052632,1,253,0,0,414,3500,832,0
1,1.0,2,0.7368421052631579,0,195,0,1,169,1429,2763,0
1,0.5714285714285714,2,0.2631578947368421,1,82,0,0,403,1164,4847,0
1,0.6428571428571429,2,0.6842105263157895,0,148,1,1,265,3243,2756,0
0,0.5714285714285714,1,0.7368421052631579,0,249,1,0,167,2686,2440,0
1,0.5714285714285714,2,0.3684210526315789,1,115,1,0,150,4350,3264,0
1,0.7142857142857143,2,1.0,0,7,0,0,56,2545,292,0
0,0.5,2,0.9473684210526315,0,60,0,1,413,4907,716,0
0,1.0,1,0.631578947368421,0,127,1,0,40,2042,4833,0
1,0.5,3,0.42105263157894735,1,32,0,0,88,403,3867,0
0,0.8571428571428571,1,0.3157894736842105,0,287,0,1,497,4920,2401,0
0,0.7142857142857143,1,0.47368421052631576,0,295,1,1,295,1554,788,0
0,0.9285714285714286,1,0.5263157894736842,1,87,1,0,43,3258,1893,0
0,0.7142857142857143,3,0.6842105263157895,1,272,1,0,176,4354,1304,0
1,0.7142857142857143,2,0.7368421052631579,0,4,1,1,291,2765,2004,0
0,0.5714285714285714,3,0.47368421052631576,1,148,0,0,276,1221,4392,0
1,0.5714285714285714,3,0.5263157894736842,0,54,1,0,386,3483,4379,0
0,0.7857142857142857,1,0.2631578947368421,0,234,1,1,309,1452,3949,0
0,0.42857142857142855,3,0.631578947368421,1,181,0,1,150,1704,1806,0
1,0.9285714285714286,3,0.7894736842105263,1,123,1,0,392,4071,3815,0
0,0.5,1,0.9473684210526315,0,136,1,1,148,4724,3883,0
1,1.0,1,0.2631578947368421,1,217,1,0,459,1849,3863,0
1,0.9285714285714286,2,0.631578947368421,1,207,0,0,461,964,109,0
0,0.7142857142857143,1,0.5263157894736842,1,70,1,0,377,1505,2739,0
0,0.6428571428571429,2,0.2631578947368421,1,263,1,0,335,2460,3301,0
0,0.7142857142857143,1,0.47368421052631576,1,28,0,0,56,1115,3843,0
0,1.0,1,0.3157894736842105,0,211,0,1,362,1917,151,0
0,1.0,2,0.42105263157894735,1,218,0,1,471,2261,4763,0
1,0.35714285714285715,1,0.9473684210526315,1,139,1,0,185,1681,4260,0
0,0.42857142857142855,3,0.631578947368421,0,265,0,1,181,4820,1564,0
1,0.6428571428571429,1,0.2631578947368421,1,126,1,0,297,1548,4232,0
1,0.9285714285714286,3,0.5263157894736842,1,197,1,0,285,845,2768,0
1,0.7857142857142857,1,0.8947368421052632,1,165,1,1,76,4675,4049,0
1,0.35714285714285715,1,0.5263157894736842,0,209,1,1,444,1973,1939,0
1,0.6428571428571429,1,0.42105263157894735,1,142,0,1,284,294,3808,0
0,0.42857142857142855,3,0.9473684210526315,1,203,1,1,323,3634,4930,0
0,0.42857142857142855,2,0.631578947368421,0,183,0,1,393,4309,889,0
1,0.8571428571428571,1,0.9473684210526315,0,113,1,1,31,1425,974,0
0,0.8571428571428571,1,0.6842105263157895,0,137,1,1,317,2373,3935,0
0,0.7142857142857143,1,0.42105263157894735,1,140,1,1,73,2857,3308,0
0,0.9285714285714286,2,0.2631578947368421,1,196,1,0,139,4207,4916,0
0,0.35714285714285715,1,0.3684210526315789,1,206,0,1,128,2063,871,0
0,0.5714285714285714,1,0.7368421052631579,1,91,1,1,450,2397,4259,0
1,0.7857142857142857,3,0.7368421052631579,0,54,0,0,350,4133,818,0
1,0.7857142857142857,2,0.7368421052631579,0,68,1,1,456,2419,4335,0
1,1.0,2,0.3157894736842105,0,138,1,1,307,3543,4714,0
0,0.9285714285714286,3,0.5263157894736842,0,56,0,0,119,3557,3582,0
0,0.6428571428571429,2,0.7368421052631579,1,65,1,1,4,4864,2503,0
0,0.5714285714285714,2,0.6842105263157895,1,29,0,0,391,3885,1316,0
0,0.6428571428571429,1,0.5263157894736842,1,271,1,1,413,3677,4264,0
1,0.7857142857142857,3,0.3684210526315789,0,176,1,1,471,4293,3247,0
0,0.42857142857142855,2,1.0,0,286,0,0,238,1563,3064,0
1,0.5,1,0.5789473684210527,1,245,1,1,380,4343,2735,0
1,0.5,1,0.3157894736842105,1,221,1,0,169,1238,2621,0
0,0.5714285714285714,1,0.47368421052631576,0,86,0,0,245,501,1412,0
0,0.7857142857142857,2,0.6842105263157895,1,212,0,0,366,1040,4692,0
0,0.5,3,0.9473684210526315,0,76,0,1,380,1129,4050,0
0,0.35714285714285715,2,0.7368421052631579,0,216,1,0,245,4235,3581,0
0,0.35714285714285715,2,0.5263157894736842,0,163,0,1,75,1422,2877,0
0,0.8571428571428571,3,0.5789473684210527,1,118,0,0,474,4241,981,0
1,0.42857142857142855,1,0.7894736842105263,0,270,1,1,70,3824,4663,0
0,0.42857142857142855,1,0.8947368421052632,1,234,1,0,68,3727,809,0
1,0.6428571428571429,2,1.0,1,206,1,0,416,2597,3306,0
0,0.42857142857142855,1,0.3157894736842105,1,76,0,0,117,2689,1397,0
1,0.9285714285714286,2,0.5263157894736842,0,155,1,0,262,2857,2202,0
1,0.6428571428571429,1,0.3684210526315789,1,12,1,1,50,4775,1646,0
1,0.5714285714285714,1,0.42105263157894735,0,169,1,1,199,175,2870,0
0,0.42857142857142855,1,0.3157894736842105,1,130,1,0,245,4929,956,0
0,0.35714285714285715,2,0.5789473684210527,0,162,0,1,12,3932,192,0
1,0.8571428571428571,3,1.0,1,176,0,0,192,3298,1777,0
0,1.0,3,0.5789473684210527,1,136,0,0,206,453,4372,0
1,0.8571428571428571,1,0.631578947368421,1,277,0,1,204,3832,3845,0
1,1.0,2,0.5263157894736842,1,298,0,1,197,615,3671,0
0,1.0,2,1.0,1,28,1,0,374,2441,4357,0
1,0.35714285714285715,2,0.6842105263157895,1,239,1,0,208,1545,2269,0
0,0.42857142857142855,1,0.8947368421052632,0,100,0,1,62,3862,4655,0
1,0.35714285714285715,1,0.631578947368421,0,13,0,0,128,242,2110,0
0,0.7142857142857143,3,0.3684210526315789,0,229,0,0,142,1894,4416,0
0,0.7142857142857143,1,0.7368421052631579,1,229,0,0,73,2583,2568,0
0,0.42857142857142855,2,1.0,1,120,0,0,381,3636,21,0
1,0.6428571428571429,2,0.47368421052631576,0,18,0,0,443,2725,3793,0
0,0.9285714285714286,3,0.8421052631578947,1,226,1,1,164,4868,2152,0
1,0.8571428571428571,3,0.8421052631578947,0,109,1,1,89,4674,148,0
1,0.42857142857142855,1,0.2631578947368421,0,194,1,0,233,2115,1558,0
0,0.8571428571428571,2,0.9473684210526315,0,175,0,1,369,3665,3368,0
1,0.6428571428571429,2,0.3157894736842105,1,58,0,0,241,3549,3901,0
1,0.35714285714285715,1,0.3157894736842105,0,72,0,1,72,1502,1359,0
1,0.9285714285714286,3,0.3157894736842105,0,231,0,1,306,2584,1909,0
1,0.5,3,0.42105263157894735,0,150,0,1,322,3180,3621,0
1,1.0,1,0.8947368421052632,1,74,0,1,340,2147,4968,0
0,0.7142857142857143,3,0.631578947368421,0,21,1,1,328,1717,2289,0
0,0.35714285714285715,3,0.47368421052631576,0,97,1,1,404,12,4641,1
0,1.0,2,0.7894736842105263,1,38,1,0,237,3580,3951,0
0,1.0,3,0.9473684210526315,1,205,0,0,40,1789,1070,0
1,0.9285714285714286,2,0.3684210526315789,1,24,1,0,370,4254,2803,0
0,0.7142857142857143,2,0.2631578947368421,1,272,0,0,356,3609,2878,0
0,1.0,2,0.631578947368421,0,191,1,1,43,1603,4178,0
1,0.9285714285714286,1,0.7894736842105263,0,161,1,0,386,524,1531,0
1,0.5,1,0.2631578947368421,0,178,0,1,156,3932,404,0
0,0.8571428571428571,3,0.631578947368421,1,96,1,0,165,2778,4945,0
1,0.42857142857142855,2,0.7368421052631579,1,144,0,1,213,4707,1814,0
0,0.5,1,0.6842105263157895,0,191,0,1,82,2700,1834,0
1,0.42857142857142855,3,0.631578947368421,0,67,1,1,178,4548,801,0
0,0.42857142857142855,1,0.5263157894736842,1,165,1,1,349,1922,4435,0
1,0.8571428571428571,2,0.47368421052631576,1,272,0,0,278,4196,4691,0
0,0.8571428571428571,2,0.6842105263157895,1,275,0,1,12,926,665,0
0,0.5,1,1.0,0,187,0,1,144,4700,3377,0
0,0.6428571428571429,1,0.8421052631578947,0,117,1,0,460,969,1356,0
1,0.42857142857142855,3,0.631578947368421,1,149,1,0,64,947,3736,0
0,1.0,1,0.9473684210526315,0,128,1,0,181,4354,2132,0
0,0.7142857142857143,3,0.7368421052631579,1,291,0,0,239,2705,2437,0
1,0.7857142857142857,1,0.7368421052631579,1,228,0,1,115,1526,3238,0
1,0.5,3,0.3684210526315789,1,62,1,1,67,2728,2100,0
1,0.6428571428571429,2,0.8947368421052632,1,236,0,0,402,3677,1289,0
0,0.35714285714285715,2,0.42105263157894735,0,219,1,1,418,769,4825,0
1,0.5714285714285714,3,0.8421052631578947,0,60,1,1,430,681,3808,0
0,0.6428571428571429,2,0.2631578947368421,0,17,1,0,206,1196,2047,0
0,0.5714285714285714,1,0.3157894736842105,0,27,0,1,378,2161,4727,0
0,0.8571428571428571,1,1.0,1,5,0,1,129,3854,1387,0
0,0.5,1,0.7894736842105263,0,90,0,0,160,4727,2502,0
1,0.9285714285714286,2,0.6842105263157895,1,292,0,0,254,2570,133,0
0,1.0,2,0.7894736842105263,0,210,0,0,107,1295,1861,0
0,0.35714285714285715,3,0.8947368421052632,0,188,0,1,491,672,4677,0
1,0.35714285714285715,3,0.47368421052631576,0,140,0,0,221,2132,667,0
0,0.35714285714285715,3,0.3684210526315789,0,11,0,0,493,3803,555,0
0,0.7857142857142857,2,0.47368421052631576,1,16,1,0,445,4507,3928,0
0,0.5,1,0.6842105263157895,0,254,1,0,87,3408,4088,0
0,0.8571428571428571,1,0.2631578947368421,1,163,0,1,265,1189,2355,0
0,0.8571428571428571,1,0.2631578947368421,0,27,1,1,22,3382,253,0
0,0.5714285714285714,2,0.5789473684210527,0,165,1,0,485,4490,1465,0
0,0.42857142857142855,1,0.2631578947368421,1,138,0,1,409,3446,3789,0
1,0.6428571428571429,1,0.3684210526315789,1,208,1,1,43,1753,2228,0
1,0.42857142857142855,1,0.5263157894736842,1,114,1,0,479,648,1936,0
0,0.9285714285714286,1,0.9473684210526315,1,203,1,0,439,2083,2652,0
0,0.35714285714285715,3,0.6842105263157895,0,207,1,1,320,1555,2979,0
1,0.35714285714285715,3,0.6842105263157895,1,223,0,1,382,947,3125,0
0,0.6428571428571429,2,1.0,1,52,1,0,436,2975,2001,0
1,0.7857142857142857,3,0.7368421052631579,0,6,1,0,9,548,4277,0
0,0.5,3,0.7894736842105263,1,88,0,0,419,2178,4480,0
1,0.42857142857142855,2,0.3684210526315789,0,131,0,0,272,3957,1777,0
1,0.6428571428571429,2,0.3684210526315789,1,17,1,1,450,2885,3324,0
1,0.5,2,0.7894736842105263,0,131,0,0,470,1672,1612,0
0,1.0,3,0.7894736842105263,0,153,1,1,375,4762,1417,0
1,0.8571428571428571,1,0.2631578947368421,0,95,1,0,477,2496,837,0
0,0.42857142857142855,2,0.42105263157894735,0,133,1,0,100,4964,792,0
0,0.7857142857142857,1,0.5263157894736842,0,231,0,1,253,3460,572,0
0,0.5,1,0.42105263157894735,0,232,1,0,18,1244,1813,0
0,0.7142857142857143,2,0.7368421052631579,1,82,0,0,65,4867,873,0
1,0.35714285714285715,2,0.6842105263157895,1,255,1,0,342,361,2371,0
0,0.9285714285714286,1,0.3157894736842105,0,175,0,0,432,727,748,0
1,0.7142857142857143,1,0.2631578947368421,1,83,0,0,196,797,4905,0
1,0.7142857142857143,1,0.8947368421052632,1,112,0,0,319,2436,2321,0
1,0.8571428571428571,2,0.3157894736842105,0,52,0,0,173,3735,2261,0
1,0.6428571428571429,3,0.5789473684210527,1,123,1,0,167,3905,871,0
1,0.6428571428571429,3,0.7894736842105263,0,97,0,1,78,4275,3690,0
1,0.5714285714285714,1,0.3684210526315789,1,121,0,0,10,258,3309,0
1,0.42857142857142855,2,0.42105263157894735,1,282,0,0,312,4619,1098,0
1,0.5714285714285714,1,0.631578947368421,1,268,1,1,231,2431,3914,0
1,1.0,3,1.0,0,149,1,1,106,1872,104,0
